{"00":14651.191569364733,"01":13891.478432924416,"02":13432.062995245642,"03":13184.049007936508,"04":13095.19335048486,"05":13240.535813217253,"06":13802.401464186783,"07":14781.668381480016,"08":15478.830233478433,"09":15822.653739612188,"10":16084.283933518005,"11":16306.315591610606,"12":16398.177087455482,"13":16477.793035219627,"14":16534.660201860283,"15":16492.810645033638,"16":16444.50613375544,"17":16542.038781163435,"18":16762.94004748714,"19":16868.728333992876,"20":16821.3351800554,"21":16763.806292045905,"22":16468.967550455087,"23":15632.594182825485}